{
    "C_root": {
        "C_root_end_CTL_CRV": [
            [
                1.0,
                0.0,
                1.0
            ],
            [
                -1.0,
                0.0,
                1.0
            ],
            [
                -1.0,
                0.0,
                -1.0
            ],
            [
                1.0,
                0.0,
                -1.0
            ],
            [
                1.0,
                0.0,
                1.0
            ]
        ],
        "C_root_middle_CTL_CRV": [
            [
                1.5,
                0.0,
                1.5
            ],
            [
                -1.5,
                0.0,
                1.5
            ],
            [
                -1.5,
                0.0,
                -1.5
            ],
            [
                1.5,
                0.0,
                -1.5
            ],
            [
                1.5,
                0.0,
                1.5
            ]
        ],
        "C_root_base_CTL_CRV": [
            [
                2.0,
                0.0,
                2.0
            ],
            [
                -1.7186584059514498,
                1.7891464369560746,
                2.0
            ],
            [
                -2.0,
                0.0,
                -2.0
            ],
            [
                2.0,
                0.0,
                -2.0
            ],
            [
                2.0,
                0.0,
                2.0
            ]
        ]
    }
}